ID,Name,Email,Role,Allowed_Usage_Hours,Actual_Usage_Hours
5daf8d97,Johnny Marshall,dalepierce@example.com,Client,12.0,12.72
904b475b,Earl Kennedy,cindywood@example.com,Client,12.0,12.54
a60e9216,Amanda Contreras,mhogan@example.com,Client,12.0,12.29
52a55d5e,Lisa Gibson,fmiller@example.org,Client,12.0,12.69
29b8ec52,Robin Sanchez,alexandria08@example.net,Client,12.0,12.26
e0c7c058,Emily Stevenson,gchen@example.com,Client,12.0,13.32
72365540,Olivia Vasquez,fbuchanan@example.org,Client,12.0,14.65
5cf82b0d,Taylor Reed,qsmith@example.net,Client,12.0,14.38
485e6616,Melissa Lewis,mariameadows@example.net,Client,12.0,12.57
3787b206,Angela Miller,colondavid@example.com,Client,12.0,14.67
fa0d6f3f,Johnny Lowery,vpotter@example.net,Client,12.0,12.77
0fb10e62,Tonya Porter,alexanderbennett@example.org,Client,12.0,13.66
7c205fc3,Wesley Johnston IV,srobinson@example.com,Client,12.0,14.53
2bde31c3,Ruben Clark,marybrown@example.org,Client,12.0,12.77
334df6f3,Samuel Wilson,lopezkevin@example.org,Client,12.0,12.79
4e2a932f,Debra Price,alexandra11@example.net,Client,12.0,12.63
661cf0af,Nicholas Baker,daniel98@example.org,Client,12.0,13.57
b904b09b,Keith Arnold,emily27@example.com,Client,12.0,13.37
4740cf52,Gerald Terry,osilva@example.com,Client,12.0,12.91
2d54ccdf,Kristin Zamora,bradley58@example.org,Client,12.0,13.08
c1afae46,Patrick Phillips,ysmith@example.net,Client,12.0,14.11
c4932259,Hector Barnett,tyler54@example.org,Client,12.0,13.88
80ecc1a0,John Davis,brianna42@example.net,Client,12.0,14.43
748e20f7,Brenda Gonzalez,gfitzgerald@example.com,Client,12.0,13.61
073d2d90,Tracy Warner,oliverrichard@example.org,Client,12.0,14.11
06cf32de,Christopher Bradshaw,davisjames@example.net,Client,12.0,13.4
f9c5bee4,Erin Taylor,irandolph@example.org,Client,12.0,14.14
bffed074,Eric Hodges,paul26@example.org,Client,12.0,14.98
a1ede225,Valerie Young,phillipsdeborah@example.com,Client,12.0,12.21
434a074f,Darren Zimmerman,eugene07@example.com,Client,12.0,13.04
9e4f831d,Christina Johnson,mperkins@example.net,Client,12.0,14.95
eaf080fb,Christy Olsen,katherinehunter@example.com,Client,12.0,13.48
17a92354,Peter Rowe,pamela61@example.net,Client,12.0,14.23
501fd2e6,Crystal Graham,bob53@example.net,Client,12.0,14.62
56c8b881,Lauren Moore,mirandajohnson@example.com,Client,12.0,12.61
81b4ec58,Kimberly Lee,kjones@example.net,Client,12.0,14.24
7533ffbb,Regina Welch,jnguyen@example.net,Client,12.0,12.3
ce3be13e,Donald Dunn,fcarter@example.net,Client,12.0,14.44
7fad3420,Jennifer Mann,jacobchavez@example.com,Client,12.0,14.25
d53b5b32,Eduardo Collins,tiffanypotts@example.com,Client,12.0,12.25
4be3b268,Bonnie Pollard,aaronsims@example.net,Client,12.0,14.28
8289478a,Joseph Burton,jennifermoon@example.org,Client,12.0,13.23
2a4ca5b4,Grace Davis,kramirez@example.com,Client,12.0,14.62
ecd54909,Scott Evans,cassandra31@example.net,Client,12.0,13.79
41ab106e,Heather Gray,harrisadam@example.com,Client,12.0,13.75
e505c4f3,Jordan Santiago,brownangelica@example.net,Client,12.0,13.23
714e0953,Richard Nguyen,robertferrell@example.com,Client,12.0,14.97
2a249fd3,Mr. Russell Casey,david45@example.net,Client,12.0,12.63
5907c7b6,Sheila Miller,drakejeremy@example.org,Client,12.0,13.31
f2e3ebe9,Daniel Reyes,ukane@example.com,Client,12.0,12.87
34ce39bc,Michael Carney,vanessarivera@example.org,Client,12.0,12.86
a5fc74c2,Brittney Mcdaniel,butlerrebecca@example.org,Client,12.0,13.69
93c20116,Robin Davis,edward45@example.net,Client,12.0,13.09
4c32a693,John Doyle,stephenhoffman@example.com,Client,12.0,14.99
60162cf2,Anthony Cummings,ogordon@example.net,Client,12.0,14.01
3e8a2d13,Douglas King,guerreromelissa@example.org,Client,12.0,12.45
e2eb4af1,Erin Wade,richardklein@example.org,Client,12.0,12.19
d9c18647,Richard Lewis,glorianelson@example.org,Client,12.0,14.87
9ae74def,John Ellis,guerrerobrittany@example.net,Client,12.0,14.99
f4e0d196,Dawn Rivera,dunnjustin@example.net,Client,12.0,12.73
182b0ef1,Diana English,phillip64@example.org,Client,12.0,12.3
1a45ff65,Carla Park,gmendoza@example.org,Client,12.0,13.81
052859dd,Laurie Goodwin,gwright@example.org,Client,12.0,14.68
99cdc520,Jared Gonzales,mathewssusan@example.net,Client,12.0,12.62
0f838978,Eric Moon,nataliehernandez@example.com,Client,12.0,13.54
0889259d,Scott Williams,kenneth15@example.org,Client,12.0,12.48
3b5a3e32,Keith Arellano,chandlerscott@example.org,Client,12.0,14.47
6ac9b690,Sarah Jones,crossevan@example.org,Client,12.0,13.19
ae593184,William Wilkins,kurt53@example.com,Client,12.0,13.79
2248998b,Douglas Williams,ptaylor@example.org,Client,12.0,12.84
52d69541,Robert Davis,johnsonlynn@example.com,Client,12.0,14.12
119f0945,Christie Moreno,jbaird@example.org,Client,12.0,12.96
fb5dadaf,James Bush,holtshawn@example.com,Client,12.0,13.13
6e2569c4,Carla Jimenez,saraclark@example.org,Client,12.0,14.08
a4dd14ea,Jennifer Medina,allenpaul@example.net,Client,12.0,12.79
19b80b80,Rebecca Andrade,joanna56@example.com,Client,12.0,14.2
18545c6b,Richard Jacobs,dfranklin@example.net,Client,12.0,14.08
c3ced6f4,Amanda Blair,heather65@example.com,Client,12.0,13.21
937040d5,Jonathan Spencer,meyerssteve@example.net,Client,12.0,13.77
86d88ce7,Grace Simon,michael46@example.net,Client,12.0,12.04
725e9083,John Porter,justin27@example.com,Client,12.0,12.81
07d16872,Elizabeth Hernandez,hernandezsuzanne@example.org,Client,12.0,13.87
c0e7b25f,Taylor Thomas,patrick24@example.net,Client,12.0,12.64
2a4027e0,Nicholas Hill,jenningsbrandon@example.com,Client,12.0,13.42
92e49d6f,Dr. Raymond Wells PhD,mary37@example.com,Client,12.0,13.59
adf2920e,Gregory Holmes,brenda52@example.org,Client,12.0,13.14
ab0627a6,Kenneth Garcia,brocktodd@example.net,Client,12.0,12.09
711ed91f,William Meza,rothshawna@example.net,Client,12.0,13.62
ccc61033,Courtney Ward,willie77@example.net,Client,12.0,12.37
03eed633,Mary Leon,katelynmontes@example.net,Client,12.0,14.19
5f3363a5,Kyle Sims,smithangel@example.com,Client,12.0,14.63
c722ff1b,Jennifer Thompson,jennifer85@example.net,Client,12.0,14.67
f41d967c,Keith Esparza,hmiller@example.com,Client,12.0,12.32
97963d2b,Christine Price,serranochristine@example.com,Client,12.0,13.98
387fee99,Jennifer Townsend,bscott@example.org,Client,12.0,12.42
82c51cf8,Curtis Johnson,rubenfernandez@example.net,Client,12.0,14.29
16514d4c,Brittany Torres,anthonydaniel@example.com,Client,12.0,13.04
c4052fe2,Angela Allen,bpotter@example.net,Client,12.0,14.18
c67db839,Jacob Smith,epeterson@example.org,Client,12.0,14.8
e007f6be,Russell Gentry,wrightpatrick@example.net,Client,12.0,12.87
8484f4ef,Regina Hickman,williamgrant@example.com,Client,12.0,13.19
4a4dbe6c,Andrew Mercado,katherineallison@example.com,Client,12.0,12.04
5bf68078,Thomas Pineda,perezstephen@example.com,Client,12.0,13.32
3edc722e,Christina Hill,jacqueline38@example.net,Client,12.0,13.12
05758bec,Jacqueline Kelly,amandalewis@example.com,Client,12.0,13.53
eabe0c30,Dominic Wright,iknight@example.com,Client,12.0,12.35
dbfbb5ea,Debra Spencer,martinmorales@example.org,Client,12.0,12.94
7764704e,Jasmine Powell,williejones@example.org,Client,12.0,13.93
5fc725e3,Heather Matthews,lisapatrick@example.com,Client,12.0,12.53
0c9c8151,Angela Adams,davidlopez@example.com,Client,12.0,13.81
4ba91089,Andrew Wallace,ydawson@example.org,Client,12.0,13.86
26df1685,Craig Reese,xmyers@example.net,Client,12.0,13.43
d1133a6d,Brian Pearson,anthony95@example.org,Client,12.0,14.47
f63a7362,Donna Castro,sandra33@example.net,Client,12.0,14.54
1d59c612,Stephen Brandt,isanchez@example.org,Client,12.0,13.52
6d8b2bb6,Briana Johnson,brooke34@example.com,Client,12.0,13.35
fe6ef59f,Christopher Bullock,zwhite@example.net,Client,12.0,13.0
919224d8,Paul Graham,cwyatt@example.net,Client,12.0,14.73
623abcd0,Sara Diaz,jamesreynolds@example.org,Client,12.0,13.2
f139e855,Wendy Jenkins,joseph22@example.org,Client,12.0,13.2
d8415fc6,Jennifer Harrell,douglas74@example.com,Client,12.0,14.54
d2d33600,Margaret Jones,millerashley@example.com,Client,12.0,14.0
27290c95,Rose Fitzgerald,griffinmeredith@example.com,Client,12.0,12.93
44cc01e2,Elizabeth Lopez,blairtodd@example.org,Client,12.0,12.66
77d8475c,Gregory Colon,odonnellkendra@example.com,Client,12.0,14.66
8248882e,John Cole,christophersmith@example.org,Client,12.0,14.07
70f5af7e,Mary Christian,hayesrebecca@example.com,Client,12.0,12.91
182077f8,Joseph Lee,wrightdennis@example.net,Client,12.0,14.01
1742309b,Lisa Wilson,sotojodi@example.net,Client,12.0,12.47
80be1a3a,Brandon Hill,lisafox@example.com,Client,12.0,13.2
a4024cca,Megan Russell,fernandezkellie@example.net,Client,12.0,13.04
c138781c,Briana Williams,blakeray@example.net,Client,12.0,12.61
63cb534c,Debbie Johnson,davidgarcia@example.com,Client,12.0,13.65
185e40ce,James Swanson,andrewpayne@example.com,Client,12.0,12.94
52c52676,Amy Serrano,kbradley@example.net,Client,12.0,12.5
e0a293e5,Nathan Kim,davidfaulkner@example.org,Client,12.0,14.82
0133b162,John Anderson,linda08@example.com,Client,12.0,12.07
8f50572d,Jason Brown,paulcamacho@example.org,Client,12.0,13.51
ba1e9c6e,Jeffrey Hunter,lindsey51@example.com,Client,12.0,14.07
fe0ffb38,Eddie Evans,morrisonjason@example.org,Client,12.0,14.13
727b8b70,Amy Rodriguez,kanesarah@example.org,Client,12.0,12.82
c37eb03d,Erika Coleman,zcopeland@example.org,Client,12.0,14.28
73d2a7e5,Eugene Scott,donaldpeterson@example.net,Client,12.0,12.05
d5f19440,Melissa Thompson,benjamin63@example.com,Client,12.0,13.68
fffcd0c8,Lindsay Hill,wyatt73@example.net,Client,12.0,12.88
0955b287,Dennis Campbell,briannagould@example.net,Client,12.0,14.42
55487306,Mr. Andrew Moore,joshuawebb@example.com,Client,12.0,12.76
4bfbb129,Nathaniel Johnson,newmanjames@example.org,Client,12.0,13.23
3a78fb4f,Jennifer Taylor,taylorharris@example.org,Client,12.0,13.0
d97d15e7,Julia Robbins,robinsonjacqueline@example.net,Client,12.0,14.27
bb8cdb9c,Alyssa Martinez,davidgibson@example.net,Client,12.0,14.57
b8e1ed56,Gregory Watkins,eortiz@example.org,Client,12.0,14.38
5449f20d,Traci Taylor,alan70@example.net,Client,12.0,14.14
97bcc704,Robert Butler,diazlisa@example.net,Client,12.0,14.02
bb456a0c,Tara Martinez,evan16@example.com,Client,12.0,13.16
878c0801,Andrea Wright,sonyafoster@example.com,Client,12.0,13.12
39e45b9d,Darrell Mann,robertsanna@example.com,Client,12.0,12.63
466eb27b,Stacey Meyers,nguyenkara@example.net,Client,12.0,13.85
1871e945,Sarah Bradshaw,rsmith@example.net,Client,12.0,12.44
446102e0,Thomas Patterson,gina37@example.net,Client,12.0,13.93
e9767e94,Deanna Vazquez,rodriguezwendy@example.org,Client,12.0,13.72
1b572444,Isaiah Walker,michael40@example.com,Client,12.0,12.69
c0390c93,Micheal Campos,kara68@example.com,Client,12.0,12.56
87e077e8,Wendy Farrell MD,joshuagomez@example.org,Client,12.0,12.18
c192f676,Curtis Jones,shawnli@example.com,Client,12.0,12.95
e1e31fd4,Felicia Campbell,melissa32@example.net,Client,12.0,12.94
0c146b3a,Paige Moore MD,zachary79@example.com,Client,12.0,13.86
b6c28b89,Calvin Mcdaniel,morgan22@example.com,Client,12.0,14.37
b3afe84a,Megan Morgan,annette55@example.com,Client,12.0,14.28
7d75ac58,Jessica Brown,xramos@example.org,Client,12.0,12.86
de21f375,Alexander Johnson,andreharris@example.net,Client,12.0,12.64
cb0b73e5,James Stewart,egallegos@example.org,Client,12.0,14.5
4175d7d5,Jennifer Newman,jasmine76@example.net,Client,12.0,13.97
9aa6f6a1,Christopher Evans,mcohen@example.com,Client,12.0,12.17
ced5f463,Jacob Powell,kara90@example.net,Client,12.0,13.44
9ef3be2c,Paul Harrison,lhoffman@example.com,Client,12.0,12.7
140b6bd2,Jessica Taylor,henryrogers@example.com,Client,12.0,14.06
f803d26a,Charles Moore,pmartinez@example.org,Client,12.0,12.97
4549aefb,Steven Taylor,jessicaphillips@example.org,Client,12.0,14.21
65fb4333,Alyssa Hale,lisa24@example.net,Client,12.0,12.77
de1101f9,Spencer Fisher,melvinlee@example.com,Client,12.0,13.46
f8691772,Kim Parrish,nicoleyoung@example.net,Client,12.0,12.34
cf30b43b,Jordan Johns,hendersonsandra@example.com,Client,12.0,14.1
fc84619b,Terri Smith,antonio26@example.org,Client,12.0,12.73
963fe764,Michael Hughes,cheyenne06@example.com,Client,12.0,12.09
fdf56848,Carl Ayala,deborahking@example.com,Client,12.0,14.66
117d5021,Morgan Miles,karen33@example.org,Client,12.0,12.18
673711b5,Dr. Stephen Butler III,jessicawest@example.org,Client,12.0,14.41
016b9193,Dustin Stevens,williamstina@example.com,Client,12.0,14.27
ba24a57c,Cheyenne Gray,mclaughlinlance@example.org,Client,12.0,12.4
18aef0cb,Linda Sanders,kmontgomery@example.org,Client,12.0,13.91
f150c162,Erica Simon,ashley92@example.com,Client,12.0,13.15
2f84c25d,Anthony Perez,williamsrachel@example.com,Client,12.0,12.3
de705048,Anthony Lewis,qjames@example.net,Client,12.0,14.29
584e7f36,Kevin Clayton,morgansamuel@example.com,Client,12.0,13.5
87fa1947,Alejandra Hayes,michael41@example.net,Client,12.0,12.44
2923316e,Stephanie Rodgers,wilsoneric@example.com,Client,12.0,13.17
7b9f0f9d,Nicholas Nelson,ajohnson@example.com,Client,12.0,14.83
3577c7a2,Ashley Warner,juliemiller@example.net,Client,12.0,14.78
dbe016b3,David Kane,whiteclayton@example.net,Client,12.0,13.15
6d750911,Brandon Anderson,jennifer03@example.org,Client,12.0,12.02
8ca55c08,Pamela Mata,davisrachel@example.net,Client,12.0,14.08
f33862dd,Heather Patel,jcollins@example.com,Client,12.0,12.79
b4af291e,Andrew Jones,natalie28@example.org,Client,12.0,14.26
a83fd2e2,David Cannon,xgutierrez@example.org,Client,12.0,12.84
09bdf7c2,Bryan Johnson,ashley37@example.com,Client,12.0,13.11
8888ebac,Sean Rush,meyerpaul@example.net,Client,12.0,13.31
3755e84c,Amanda Willis,teresawilson@example.org,Client,12.0,14.71
007a9509,Brian Beard,breynolds@example.com,Client,12.0,13.67
b6522d94,Sarah Robinson,pamela18@example.com,Client,12.0,12.49
47a1d2b4,Elizabeth Hansen,igarcia@example.org,Client,12.0,13.32
57acb358,Christina Anderson,ybailey@example.org,Client,12.0,13.95
121d6354,Robert Carter,jose54@example.org,Client,12.0,13.77
015e52f9,Mary Smith,changjoseph@example.com,Client,12.0,14.15
fac90b4c,Tim Bailey,erica23@example.net,Client,12.0,13.63
f8113cd4,Rebecca Hart,regina98@example.org,Client,12.0,13.22
e68bbc25,Miss Jennifer Bullock,austin90@example.org,Client,12.0,14.75
a1a7e9c5,Holly Yu,wperez@example.org,Client,12.0,13.93
33c7e949,George Fisher,rachelcarson@example.com,Client,12.0,13.68
85e191b6,Kevin Vargas,lance65@example.org,Client,12.0,12.66
3059e7d8,Kerry Greene,lawsonbrett@example.net,Client,12.0,14.17
e7775d6f,Lindsey Davis,smithkristen@example.net,Client,12.0,14.49
d261dbc3,Tammy Adams,jharris@example.org,Client,12.0,13.98
28afc2c1,Mary Stevenson,julie94@example.org,Client,12.0,14.97
f085671a,Deborah Howard,ochoaamanda@example.com,Client,12.0,12.32
038d4935,Parker Frazier,othompson@example.org,Client,12.0,13.43
1bfebc77,Jesse Parsons,edward41@example.net,Client,12.0,12.79
bb39e966,Diane Baker,jill00@example.net,Client,12.0,13.77
f7f21948,Matthew Watson,jasonespinoza@example.net,Client,12.0,14.44
93057fcd,Melanie Hodges,lmejia@example.org,Client,12.0,13.13
d50677ec,Krystal Coleman,timothydavis@example.com,Client,12.0,12.4
a7f5ee55,Paul Hardy,logan47@example.org,Client,12.0,12.92
856e076a,Nicholas Bullock,alyssa72@example.net,Client,12.0,12.6
79e88ca5,Robert Cruz,rebeccanelson@example.org,Client,12.0,14.16
275e3ed9,April Andrade,munozsean@example.net,Client,12.0,12.06
00381c6a,Tyler Harris,johnsonmatthew@example.org,Client,12.0,14.16
b8c4dbb4,Mariah May,donrussell@example.net,Client,12.0,13.48
14eced22,Grant Pope,kayla65@example.org,Client,12.0,12.19
c74267b4,Melissa Griffin,newtonjordan@example.com,Client,12.0,12.78
7fdd9822,Jonathan Byrd,dunntammy@example.org,Client,12.0,13.16
752b1df2,Tammy Ford,tgomez@example.org,Client,12.0,13.91
d126bbe6,Marie French,ian05@example.com,Client,12.0,12.73
f2c04bbe,Randy Horton,daniel91@example.com,Client,12.0,12.64
b82d86a7,Tony Cooper,thaas@example.com,Client,12.0,13.83
9e0b03a4,Matthew Mitchell,jeffersonmarissa@example.net,Client,12.0,12.66
97c66fd8,Michael Williams,raymond90@example.net,Client,12.0,13.35
b139e414,Jeremy Anderson,holtevan@example.net,Client,12.0,12.63
78526314,Matthew Brown,michael60@example.net,Client,12.0,12.82
a8aff478,Sarah Chen,ccruz@example.org,Client,12.0,12.02
7b1237da,Logan Mcdaniel,kevinwilson@example.org,Client,12.0,14.92
baf76a52,Nicholas Moore,brownbernard@example.net,Client,12.0,12.61
0f775941,Glenn Davis,jonathanmckenzie@example.net,Client,12.0,13.01
d1171b8b,David Garrett,umiller@example.org,Client,12.0,12.65
fc05ae27,David Johnson,christina72@example.net,Client,12.0,13.37
9a74e844,Elizabeth Rogers,torresmary@example.org,Client,12.0,13.78
4f7ed16b,Thomas Willis,gina25@example.com,Client,12.0,14.07
0b874e4b,Dr. Joshua Harrington MD,ashleybennett@example.net,Client,12.0,14.32
bd4a967a,David Cox,todd69@example.com,Client,12.0,12.2
67620f39,William Campbell,amyhowe@example.org,Client,12.0,13.54
0622b7ea,Mariah Frazier,sullivankristen@example.com,Client,12.0,12.21
25453243,Jonathan Schneider,cameron16@example.com,Client,12.0,12.56
24bc1b80,Amy Pierce,ovilla@example.org,Client,12.0,12.33
e8a4478d,Kristin Scott,villanuevachristopher@example.net,Client,12.0,14.83
39c5edff,Tamara Fields,alexandraanderson@example.net,Client,12.0,14.77
ceafc6f2,Shannon Johnson,mfowler@example.net,Client,12.0,14.09
8169cf5d,Joseph Patel,barbara57@example.org,Client,12.0,13.81
71d6b314,Emily Schroeder,yrussell@example.net,Client,12.0,12.48
7c09bc9c,Benjamin Walters,henry01@example.net,Client,12.0,12.88
c76d9834,Julie Carlson,morgandanielle@example.com,Client,12.0,14.57
4e1c520a,Kayla Ross,adam91@example.org,Client,12.0,13.15
a418d729,Catherine Murray,smithricky@example.com,Client,12.0,12.29
e8beb735,Danielle Lucas,stucker@example.org,Client,12.0,14.95
0eac07f3,Aaron Moran,bryansanders@example.com,Client,12.0,14.29
7ccfcf0e,Jonathan Mendez,dukejames@example.net,Client,12.0,13.31
4d865f3f,Joseph Carlson,bmitchell@example.com,Client,12.0,12.76
295e77bd,Tara Webster,jbrown@example.net,Client,12.0,14.77
49c1acba,Nicole Shields,taylor64@example.com,Client,12.0,12.4
1ac093ae,Renee Hall,nmccormick@example.org,Client,12.0,14.95
0471dc3a,Sean Warren,torresdanielle@example.com,Client,12.0,12.77
39769b80,Felicia Cervantes,stacy99@example.net,Client,12.0,12.61
1a7c1621,Carolyn Joyce,jwatkins@example.org,Client,12.0,12.63
49a27e9a,Jennifer Anderson,nelsonjesse@example.com,Client,12.0,14.67
43db16ec,Linda Rios,katiegreen@example.net,Client,12.0,14.5
a3b3bf36,Kenneth Evans,lindseyjason@example.com,Client,12.0,13.72
b06e3ceb,Thomas Valencia,ronald96@example.com,Client,12.0,12.79
469f2fb6,Christopher Kelly,zking@example.net,Client,12.0,13.14
714e2d82,Timothy Jones,ojohnson@example.com,Client,12.0,14.41
9f034edc,Colleen Norris,briannalopez@example.com,Client,12.0,13.28
9d08aa9e,James Harris,xlynn@example.org,Client,12.0,14.07
93e3b950,Daniel Chang,andrea18@example.org,Client,12.0,14.91
9c47bafe,Jacob Herman,blake34@example.net,Client,12.0,14.82
bfe38135,Julie Decker,alanpatton@example.com,Client,12.0,12.24
0b0c2ed9,Michael Hall,gonzalezrachel@example.net,Client,12.0,14.93
d6490727,Lawrence Smith,meredith07@example.org,Client,12.0,13.57
ff5dec48,Kevin Delgado,susan88@example.org,Client,12.0,12.84
2cf657c4,Guy Graves,lopezjessica@example.net,Client,12.0,13.18
84e02f90,Brandy Torres,davidknight@example.org,Client,12.0,13.53
680713f4,Eric Mitchell,melissa84@example.org,Client,12.0,13.23
42c8e70b,Jennifer Rosario,shawngross@example.org,Client,12.0,12.24
e2c2d116,Aaron Wilson,melaniemorris@example.net,Client,12.0,13.01
b8a720ef,Christine Rodriguez,sara63@example.net,Client,12.0,14.2
12f000c0,Tina Marshall,johnwilson@example.net,Client,12.0,13.07
01879391,Jason Harrell,laramelissa@example.org,Client,12.0,12.25
4f37fe0f,Stephanie Olson,rowecody@example.com,Client,12.0,14.73
961e1550,Heather Evans,courtneyosborne@example.com,Client,12.0,14.97
3a1a46cc,Angelica Johnson,adrian33@example.net,Client,12.0,14.44
d3de2d77,Tricia Foster,younglauren@example.net,Client,12.0,12.67
89026991,Kristy Thompson,zachary53@example.org,Client,12.0,12.18
cda3d801,Donald Murphy,janetjones@example.net,Client,12.0,13.77
81ace947,Jordan Griffin,tjoseph@example.com,Client,12.0,12.35
ed7968e2,Adam York,sarellano@example.com,Client,12.0,12.6
789ee847,Samuel Jones,avilapamela@example.org,Client,12.0,12.45
23c25acc,Pedro Cox,cmartin@example.net,Client,12.0,14.88
648b9006,Mason Taylor,qgoodman@example.com,Client,12.0,14.08
ea335151,Denise Young,bryce20@example.net,Client,12.0,13.98
531ed7c8,Andrew Parks,tyler12@example.net,Client,12.0,13.01
b49ede53,Louis Williams,jane41@example.net,Client,12.0,12.49
5bf2a0cf,Tamara Gould,laurenwest@example.org,Client,12.0,12.61
6a70fc41,Adam Stanley,ibarraandrea@example.com,Client,12.0,12.04
f6edd1df,Brian Blake,nicholas22@example.net,Client,12.0,14.31
cbd10b77,Matthew Johnson,cwood@example.com,Client,12.0,14.53
63c7fb4b,Candace Clark,amanda47@example.com,Client,12.0,12.81
edd7c3de,Justin Castillo,vmontoya@example.net,Client,12.0,12.27
e5679491,Jacob Bryant,cathy58@example.com,Client,12.0,13.21
3ed7490f,Brian Jackson,nathanbyrd@example.net,Client,12.0,13.05
ccb9d0d5,Justin Rivera,smithjason@example.com,Client,12.0,12.3
c5337767,Caitlin Thompson,elizabeth96@example.com,Client,12.0,12.4
f0343391,Gabriel Bowers,vanessamccoy@example.net,Client,12.0,14.47
aa9e9a89,Kyle Strickland,thompsonchase@example.com,Client,12.0,13.83
19151fa0,Courtney Copeland,martinezmichael@example.org,Client,12.0,14.51
c1db314a,Nathaniel Elliott,smithjaime@example.com,Client,12.0,14.06
b03d035f,Danielle Jennings,ysanchez@example.org,Client,12.0,12.46
f4c9dba3,Dustin Klein,vpearson@example.net,Client,12.0,12.17
56622c57,Sarah Thompson,larrygoodman@example.net,Client,12.0,13.57
bdcd0d0f,Teresa Jones,mmason@example.org,Client,12.0,13.42
d6a72388,Sheryl Sutton,frose@example.com,Client,12.0,12.71
de84ebb7,James Harris,xpope@example.com,Client,12.0,12.27
e1326c6c,Jason Delacruz,williamgriffin@example.org,Client,12.0,14.43
a7abbe2a,Kyle Morales,spencerchristian@example.com,Client,12.0,14.36
3c70e3a2,Brandon Lam,steven67@example.com,Client,12.0,14.25
d3b5fbe2,Jason Oliver,yyoung@example.org,Client,12.0,12.09
d7c8c5a2,Autumn Esparza,martinpeter@example.com,Client,12.0,12.52
12ed4faa,Shawn Booth,jonathonsmith@example.net,Client,12.0,13.74
95c1d1a5,Elizabeth Silva,bellchristopher@example.org,Client,12.0,13.18
e4cb89f0,Shane Yu,tamara63@example.org,Client,12.0,13.48
d732e662,Mason Campbell,crystalpadilla@example.net,Client,12.0,14.68
69a7d0c2,Mark Mcgee,paige28@example.com,Client,12.0,13.74
75dcbed9,Dr. Chelsea Eaton,ycollins@example.org,Client,12.0,12.07
cac8f57e,Harry Johnson,daniel88@example.org,Client,12.0,12.46
770bbbe0,Caitlin Figueroa,wtravis@example.org,Client,12.0,14.18
fd04a1f1,Elizabeth Collins,thomas49@example.com,Client,12.0,12.53
c8ee9ca9,Mackenzie Gonzalez,emora@example.com,Client,12.0,12.53
2f04fbf7,Joseph Wilson,wattsvictoria@example.org,Client,12.0,14.23
1c317c8a,James Brown,ramoshannah@example.com,Client,12.0,13.83
bb237ea4,Michael Schmidt,joneselizabeth@example.com,Client,12.0,15.0
b07760ba,Brandon Fields Jr.,delacruzmelissa@example.org,Client,12.0,12.15
f8110360,Kristen Rollins,sarahpatel@example.net,Client,12.0,14.45
79b703cc,Joanna Lee,paula66@example.net,Client,12.0,14.24
4bb217f2,Sean Mckee,timothy79@example.com,Client,12.0,13.41
34622467,Casey Evans,scott08@example.com,Client,12.0,12.79
53ef880a,Brian Johnson,hevans@example.com,Client,12.0,12.56
41ce3970,Ian Garza,troyriddle@example.com,Client,12.0,14.73
f4f49a5f,Shawn Wood,elizabeth49@example.net,Client,12.0,13.8
bdc3858e,James Brown,njackson@example.net,Client,12.0,14.27
42b47a52,Meghan Cochran,pmann@example.com,Client,12.0,14.72
5d202786,Stephanie Johnson,jonathan59@example.com,Client,12.0,14.61
fc0dc51b,Christopher Walker,katrinapatterson@example.org,Client,12.0,14.51
00a7cc85,Mark Porter,mturner@example.net,Client,12.0,13.34
27a5b1a8,Sharon Vega,popechristopher@example.com,Client,12.0,14.31
d34dfd63,Nicole Morgan,garysmith@example.com,Client,12.0,14.5
7fe6f0a7,Amy Perez DDS,ndawson@example.com,Client,12.0,12.16
f73c38ca,Amy Wells,apeterson@example.org,Client,12.0,13.28
8a43ad6f,Albert Gonzales,deborahcortez@example.net,Client,12.0,12.79
a1281fbd,Johnny Boone,dyu@example.com,Client,12.0,12.6
9e6db970,Latoya Wilson,alananderson@example.com,Client,12.0,13.13
4c3d494b,Margaret Mccarthy,marissanelson@example.net,Client,12.0,14.63
db1d900e,Suzanne Cummings,wagneroscar@example.net,Client,12.0,12.47
cc325538,Seth Smith,pbutler@example.net,Client,12.0,14.24
7295695c,Perry Joseph,danny71@example.org,Client,12.0,14.68
8290ccbd,Robert Meyer,dannystephens@example.org,Client,12.0,13.52
2831ec09,Gary Small,jwatts@example.net,Client,12.0,13.58
b1dbb2b6,David Harrison,meganfreeman@example.org,Client,12.0,13.49
d8524aa9,Ronald King,jennifer19@example.net,Client,12.0,13.05
f0232a07,Bill Phelps,sgolden@example.com,Client,12.0,14.43
a8dfae2c,Dustin Williamson,christopher48@example.com,Client,12.0,12.62
79c9dbbe,Blake Dunn,christopher07@example.net,Client,12.0,13.63
758f9b54,Cassandra Nguyen,sergiowalker@example.net,Client,12.0,13.57
167205cc,Christine Robertson,ubrown@example.net,Client,12.0,14.84
48bf54d5,Kevin Nunez,hollyavila@example.net,Client,12.0,13.45
e743a5da,Katie Kidd,samanthawells@example.org,Client,12.0,13.56
1ae86c8b,Dr. Katrina Martinez,valentinevincent@example.org,Client,12.0,12.17
44300ec6,Justin Ray,lindamiller@example.org,Client,12.0,13.47
0b11673c,Samuel Chapman,melissa14@example.com,Client,12.0,13.55
ff496685,Christopher Weiss,david37@example.org,Client,12.0,13.69
9c63ac57,Teresa Lewis,petersonemily@example.com,Client,12.0,12.9
304c0935,Kimberly Castillo,moniquehunt@example.com,Client,12.0,13.23
147694d4,Michael Rice,xschmidt@example.com,Client,12.0,13.07
8d7f41e5,John Fuentes,ulee@example.org,Client,12.0,12.34
d9fb1026,Dean Smith,madelinecollins@example.org,Client,12.0,13.57
197ac104,Wesley Sanchez,christine25@example.org,Client,12.0,13.71
226fa370,Stacy Ramirez,angela77@example.org,Client,12.0,12.94
a4537428,James Nichols,lloydsarah@example.com,Client,12.0,14.41
fdd0ea61,Kim Sullivan,suzannemcdonald@example.org,Client,12.0,12.99
4a21a925,Larry Villegas,kenneth01@example.net,Client,12.0,12.36
9d021921,Rebekah Lambert,campbellchristine@example.net,Client,12.0,12.84
9f3fa610,Charles Huber,patrick34@example.org,Client,12.0,14.37
19831881,Dawn Ayala,avargas@example.com,Client,12.0,12.43
a962f914,Leah Murray,bushmark@example.org,Client,12.0,12.2
9962baea,Johnny Burns,amber13@example.org,Client,12.0,12.41
4fd9cb14,Michelle Brown,sarahcowan@example.org,Client,12.0,13.4
dce4f099,Robin Lee,taylorstephen@example.com,Client,12.0,13.47
d9ba1ae8,Gregory Schwartz,hansenkayla@example.net,Client,12.0,13.91
e446e951,Bradley Taylor,sandersjesse@example.org,Client,12.0,13.81
010838ae,Daniel Wells,acostaerin@example.org,Client,12.0,12.43
5786df58,William Larson PhD,randall64@example.com,Client,12.0,13.43
00fe0535,Oscar Hall,bobbyschneider@example.net,Client,12.0,14.43
3ac591d5,Joann Carr,kelliwallace@example.net,Client,12.0,14.91
7ff62845,Brett Cole,larry99@example.com,Client,12.0,12.96
bfb43c85,Cynthia Miller,pachecotyler@example.com,Client,12.0,13.64
2a389c62,Christine Long,ybrown@example.net,Client,12.0,12.68
b1dee9b2,Steven Romero,mdyer@example.net,Client,12.0,13.04
46bcebe0,Laura Tate,ruizemma@example.net,Client,12.0,14.04
c7cfaa90,Michael Bishop,monroejohn@example.net,Client,12.0,14.53
68afb7eb,James Randall,brandondavis@example.net,Client,12.0,12.38
e7368704,Shawn Peck,cbrown@example.org,Client,12.0,14.15
77dfb738,Joseph Jacobs,angelsmith@example.com,Client,12.0,12.33
493576b4,Joy Watkins,bernard92@example.com,Client,12.0,13.3
7b2be98e,Christopher Davis,paulcoleman@example.org,Client,12.0,14.49
a3295a50,Robert Galloway,eromero@example.org,Client,12.0,12.74
03081a22,Kevin Randolph,kimberly45@example.com,Client,12.0,12.25
81c3de8c,Patrick Schmitt,lawrencerodriguez@example.org,Client,12.0,14.43
